MS-DRG ,MDC,TYPE,MS-DRG Title,Weights,Geometric mean LOS,Arithmetic mean LOS
001,PRE,SURG,HEART TRANSPLANT OR IMPLANT OF HEART ASSIST SYSTEM W MCC,27.1011,30.0,38.6
002,PRE,SURG,HEART TRANSPLANT OR IMPLANT OF HEART ASSIST SYSTEM W/O MCC,16.1549,18.1,22.2
003,PRE,SURG,"ECMO OR TRACH W MV >96 HRS OR PDX EXC FACE, MOUTH & NECK W MAJ O.R.",17.9495,25.3,31.9
004,PRE,SURG,"TRACH W MV >96 HRS OR PDX EXC FACE, MOUTH & NECK W/O MAJ O.R.",10.9257,20.1,24.4
005,PRE,SURG,LIVER TRANSPLANT W MCC OR INTESTINAL TRANSPLANT,10.2721,15.4,21.3
006,PRE,SURG,LIVER TRANSPLANT W/O MCC,4.8095,7.7,8.5
007,PRE,SURG,LUNG TRANSPLANT,9.6933,15.9,18.5
008,PRE,SURG,SIMULTANEOUS PANCREAS/KIDNEY TRANSPLANT,5.4864,9.3,10.6
010,PRE,SURG,PANCREAS TRANSPLANT,3.8403,8.0,9.1
011,PRE,SURG,"TRACHEOSTOMY FOR FACE,MOUTH & NECK DIAGNOSES W MCC",5.0013,11.5,14.3
012,PRE,SURG,"TRACHEOSTOMY FOR FACE,MOUTH & NECK DIAGNOSES W CC",3.4858,8.5,9.9
013,PRE,SURG,"TRACHEOSTOMY FOR FACE,MOUTH & NECK DIAGNOSES W/O CC/MCC",2.2677,5.9,6.8
014,PRE,SURG,ALLOGENEIC BONE MARROW TRANSPLANT,11.6407,23.8,27.9
016,PRE,SURG,AUTOLOGOUS BONE MARROW TRANSPLANT W CC/MCC,6.1050,17.2,18.5
017,PRE,SURG,AUTOLOGOUS BONE MARROW TRANSPLANT W/O CC/MCC,4.0701,8.5,11.6
020, 01,SURG,INTRACRANIAL VASCULAR PROCEDURES W PDX HEMORRHAGE W MCC,9.7053,13.4,16.4
021, 01,SURG,INTRACRANIAL VASCULAR PROCEDURES W PDX HEMORRHAGE W CC,7.2910,11.9,13.6
022, 01,SURG,INTRACRANIAL VASCULAR PROCEDURES W PDX HEMORRHAGE W/O CC/MCC,4.6095,6.2,7.7
023, 01,SURG,CRANIO W MAJOR DEV IMPL/ACUTE COMPLEX CNS PDX W MCC OR CHEMO IMPLANT,5.3762,7.7,10.6
024, 01,SURG,CRANIO W MAJOR DEV IMPL/ACUTE COMPLEX CNS PDX W/O MCC,4.0114,4.1,5.5
025, 01,SURG,CRANIOTOMY & ENDOVASCULAR INTRACRANIAL PROCEDURES W MCC,4.2413,7.1,9.2
026, 01,SURG,CRANIOTOMY & ENDOVASCULAR INTRACRANIAL PROCEDURES W CC,2.9723,4.4,5.8
027, 01,SURG,CRANIOTOMY & ENDOVASCULAR INTRACRANIAL PROCEDURES W/O CC/MCC,2.3761,2.3,3.0
028, 01,SURG,SPINAL PROCEDURES W MCC,5.5439,9.4,11.9
029, 01,SURG,SPINAL PROCEDURES W CC OR SPINAL NEUROSTIMULATORS,3.1882,5.0,6.5
030, 01,SURG,SPINAL PROCEDURES W/O CC/MCC,1.9008,2.6,3.4
031, 01,SURG,VENTRICULAR SHUNT PROCEDURES W MCC,4.0706,7.6,10.5
032, 01,SURG,VENTRICULAR SHUNT PROCEDURES W CC,2.0555,3.2,4.7
033, 01,SURG,VENTRICULAR SHUNT PROCEDURES W/O CC/MCC,1.5992,1.9,2.4
034, 01,SURG,CAROTID ARTERY STENT PROCEDURE W MCC,3.8503,5.1,7.2
035, 01,SURG,CAROTID ARTERY STENT PROCEDURE W CC,2.3365,2.2,3.3
036, 01,SURG,CAROTID ARTERY STENT PROCEDURE W/O CC/MCC,1.7487,1.3,1.5
037, 01,SURG,EXTRACRANIAL PROCEDURES W MCC,3.0795,5.3,7.7
038, 01,SURG,EXTRACRANIAL PROCEDURES W CC,1.5762,2.2,3.2
039, 01,SURG,EXTRACRANIAL PROCEDURES W/O CC/MCC,1.0818,1.3,1.5
040, 01,SURG,PERIPH/CRANIAL NERVE & OTHER NERV SYST PROC W MCC,3.7117,7.9,10.5
041, 01,SURG,PERIPH/CRANIAL NERVE & OTHER NERV SYST PROC W CC OR PERIPH NEUROSTIM,2.1218,4.6,5.8
042, 01,SURG,PERIPH/CRANIAL NERVE & OTHER NERV SYST PROC W/O CC/MCC,1.8984,2.6,3.3
052, 01,MED,SPINAL DISORDERS & INJURIES W CC/MCC,1.5848,4.3,5.9
053, 01,MED,SPINAL DISORDERS & INJURIES W/O CC/MCC,0.8598,2.8,3.5
054, 01,MED,NERVOUS SYSTEM NEOPLASMS W MCC,1.3314,3.9,5.3
055, 01,MED,NERVOUS SYSTEM NEOPLASMS W/O MCC,1.0271,3.0,4.0
056, 01,MED,DEGENERATIVE NERVOUS SYSTEM DISORDERS W MCC,1.8514,5.3,7.4
057, 01,MED,DEGENERATIVE NERVOUS SYSTEM DISORDERS W/O MCC,1.1198,3.7,5.2
058, 01,MED,MULTIPLE SCLEROSIS & CEREBELLAR ATAXIA W MCC,1.6856,5.1,6.7
059, 01,MED,MULTIPLE SCLEROSIS & CEREBELLAR ATAXIA W CC,1.0504,3.7,4.6
060, 01,MED,MULTIPLE SCLEROSIS & CEREBELLAR ATAXIA W/O CC/MCC,0.8144,3.0,3.6
061, 01,MED,ACUTE ISCHEMIC STROKE W USE OF THROMBOLYTIC AGENT W MCC,2.7367,5.4,7.0
062, 01,MED,ACUTE ISCHEMIC STROKE W USE OF THROMBOLYTIC AGENT W CC,1.8866,3.8,4.4
063, 01,MED,ACUTE ISCHEMIC STROKE W USE OF THROMBOLYTIC AGENT W/O CC/MCC,1.5764,2.8,3.1
064, 01,MED,INTRACRANIAL HEMORRHAGE OR CEREBRAL INFARCTION W MCC,1.7518,4.5,6.1
065, 01,MED,INTRACRANIAL HEMORRHAGE OR CEREBRAL INFARCTION W CC OR TPA IN 24 HRS,1.0431,3.3,4.0
066, 01,MED,INTRACRANIAL HEMORRHAGE OR CEREBRAL INFARCTION W/O CC/MCC,0.7464,2.3,2.7
067, 01,MED,NONSPECIFIC CVA & PRECEREBRAL OCCLUSION W/O INFARCT W MCC,1.3374,3.7,4.7
068, 01,MED,NONSPECIFIC CVA & PRECEREBRAL OCCLUSION W/O INFARCT W/O MCC,0.8658,2.3,2.9
069, 01,MED,TRANSIENT ISCHEMIA,0.7373,2.1,2.6
070, 01,MED,NONSPECIFIC CEREBROVASCULAR DISORDERS W MCC,1.6284,4.7,6.4
071, 01,MED,NONSPECIFIC CEREBROVASCULAR DISORDERS W CC,0.9810,3.5,4.6
072, 01,MED,NONSPECIFIC CEREBROVASCULAR DISORDERS W/O CC/MCC,0.7354,2.4,3.0
073, 01,MED,CRANIAL & PERIPHERAL NERVE DISORDERS W MCC,1.3196,3.7,5.0
074, 01,MED,CRANIAL & PERIPHERAL NERVE DISORDERS W/O MCC,0.9190,3.0,3.8
075, 01,MED,VIRAL MENINGITIS W CC/MCC,1.6970,5.2,6.6
076, 01,MED,VIRAL MENINGITIS W/O CC/MCC,0.9596,3.1,3.7
077, 01,MED,HYPERTENSIVE ENCEPHALOPATHY W MCC,1.5757,4.4,5.8
078, 01,MED,HYPERTENSIVE ENCEPHALOPATHY W CC,0.9471,3.0,3.7
079, 01,MED,HYPERTENSIVE ENCEPHALOPATHY W/O CC/MCC,0.7014,2.3,2.7
080, 01,MED,NONTRAUMATIC STUPOR & COMA W MCC,1.2566,3.9,5.4
081, 01,MED,NONTRAUMATIC STUPOR & COMA W/O MCC,0.7655,2.8,3.5
082, 01,MED,"TRAUMATIC STUPOR & COMA, COMA >1 HR W MCC",2.0079,3.4,5.7
083, 01,MED,"TRAUMATIC STUPOR & COMA, COMA >1 HR W CC",1.2817,3.3,4.3
084, 01,MED,"TRAUMATIC STUPOR & COMA, COMA >1 HR W/O CC/MCC",0.9262,2.2,2.8
085, 01,MED,"TRAUMATIC STUPOR & COMA, COMA <1 HR W MCC",2.0033,4.7,6.5
086, 01,MED,"TRAUMATIC STUPOR & COMA, COMA <1 HR W CC",1.1414,3.2,4.0
087, 01,MED,"TRAUMATIC STUPOR & COMA, COMA <1 HR W/O CC/MCC",0.8070,2.2,2.7
088, 01,MED,CONCUSSION W MCC,1.4841,4.0,5.2
089, 01,MED,CONCUSSION W CC,1.0161,2.8,3.4
090, 01,MED,CONCUSSION W/O CC/MCC,0.7637,1.9,2.3
091, 01,MED,OTHER DISORDERS OF NERVOUS SYSTEM W MCC,1.5764,4.2,5.8
092, 01,MED,OTHER DISORDERS OF NERVOUS SYSTEM W CC,0.9201,3.1,3.9
093, 01,MED,OTHER DISORDERS OF NERVOUS SYSTEM W/O CC/MCC,0.7064,2.3,2.8
094, 01,MED,BACTERIAL & TUBERCULOUS INFECTIONS OF NERVOUS SYSTEM W MCC,3.4820,8.2,10.7
095, 01,MED,BACTERIAL & TUBERCULOUS INFECTIONS OF NERVOUS SYSTEM W CC,2.3801,5.7,7.1
096, 01,MED,BACTERIAL & TUBERCULOUS INFECTIONS OF NERVOUS SYSTEM W/O CC/MCC,2.1418,4.6,5.4
097, 01,MED,NON-BACTERIAL INFECT OF NERVOUS SYS EXC VIRAL MENINGITIS W MCC,3.1039,8.1,10.6
098, 01,MED,NON-BACTERIAL INFECT OF NERVOUS SYS EXC VIRAL MENINGITIS W CC,1.8140,5.6,7.1
099, 01,MED,NON-BACTERIAL INFECT OF NERVOUS SYS EXC VIRAL MENINGITIS W/O CC/MCC,1.2765,3.9,4.8
100, 01,MED,SEIZURES W MCC,1.5935,4.2,5.6
101, 01,MED,SEIZURES W/O MCC,0.7990,2.7,3.3
102, 01,MED,HEADACHES W MCC,1.0650,3.1,4.1
103, 01,MED,HEADACHES W/O MCC,0.7405,2.3,2.9
113, 02,SURG,ORBITAL PROCEDURES W CC/MCC,2.0972,4.3,5.9
114, 02,SURG,ORBITAL PROCEDURES W/O CC/MCC,1.1953,2.4,3.1
115, 02,SURG,EXTRAOCULAR PROCEDURES EXCEPT ORBIT,1.3771,3.7,4.8
116, 02,SURG,INTRAOCULAR PROCEDURES W CC/MCC,1.5767,3.5,5.2
117, 02,SURG,INTRAOCULAR PROCEDURES W/O CC/MCC,0.8521,2.0,2.7
121, 02,MED,ACUTE MAJOR EYE INFECTIONS W CC/MCC,1.0574,3.9,5.3
122, 02,MED,ACUTE MAJOR EYE INFECTIONS W/O CC/MCC,0.6445,2.8,3.4
123, 02,MED,NEUROLOGICAL EYE DISORDERS,0.7237,2.1,2.6
124, 02,MED,OTHER DISORDERS OF THE EYE W MCC,1.2262,3.7,5.2
125, 02,MED,OTHER DISORDERS OF THE EYE W/O MCC,0.7572,2.6,3.2
129, 03,SURG,MAJOR HEAD & NECK PROCEDURES W CC/MCC OR MAJOR DEVICE,2.3305,3.9,5.3
130, 03,SURG,MAJOR HEAD & NECK PROCEDURES W/O CC/MCC,1.4598,2.3,2.8
131, 03,SURG,CRANIAL/FACIAL PROCEDURES W CC/MCC,2.5741,4.4,6.1
132, 03,SURG,CRANIAL/FACIAL PROCEDURES W/O CC/MCC,1.4423,2.1,2.5
133, 03,SURG,"OTHER EAR, NOSE, MOUTH & THROAT O.R. PROCEDURES W CC/MCC",1.9147,3.9,5.7
134, 03,SURG,"OTHER EAR, NOSE, MOUTH & THROAT O.R. PROCEDURES W/O CC/MCC",1.0515,2.0,2.4
135, 03,SURG,SINUS & MASTOID PROCEDURES W CC/MCC,2.0142,4.5,6.2
136, 03,SURG,SINUS & MASTOID PROCEDURES W/O CC/MCC,1.1081,2.0,2.6
137, 03,SURG,MOUTH PROCEDURES W CC/MCC,1.4181,3.8,5.0
138, 03,SURG,MOUTH PROCEDURES W/O CC/MCC,0.8457,2.2,2.7
139, 03,SURG,SALIVARY GLAND PROCEDURES,1.0271,1.7,2.4
146, 03,MED,"EAR, NOSE, MOUTH & THROAT MALIGNANCY W MCC",2.0563,5.8,8.4
147, 03,MED,"EAR, NOSE, MOUTH & THROAT MALIGNANCY W CC",1.3129,4.0,5.5
148, 03,MED,"EAR, NOSE, MOUTH & THROAT MALIGNANCY W/O CC/MCC",0.9122,2.5,3.5
149, 03,MED,DYSEQUILIBRIUM,0.6800,2.1,2.5
150, 03,MED,EPISTAXIS W MCC,1.3394,3.7,5.0
151, 03,MED,EPISTAXIS W/O MCC,0.7091,2.3,2.9
152, 03,MED,OTITIS MEDIA & URI W MCC,1.0129,3.6,4.5
153, 03,MED,OTITIS MEDIA & URI W/O MCC,0.7002,2.7,3.2
154, 03,MED,"OTHER EAR, NOSE, MOUTH & THROAT DIAGNOSES W MCC",1.4237,4.0,5.3
155, 03,MED,"OTHER EAR, NOSE, MOUTH & THROAT DIAGNOSES W CC",0.8906,3.1,3.8
156, 03,MED,"OTHER EAR, NOSE, MOUTH & THROAT DIAGNOSES W/O CC/MCC",0.6655,2.3,2.8
157, 03,MED,DENTAL & ORAL DISEASES W MCC,1.5407,4.4,6.0
158, 03,MED,DENTAL & ORAL DISEASES W CC,0.8471,2.9,3.7
159, 03,MED,DENTAL & ORAL DISEASES W/O CC/MCC,0.6201,2.1,2.5
163, 04,SURG,MAJOR CHEST PROCEDURES W MCC,5.0194,10.4,12.9
164, 04,SURG,MAJOR CHEST PROCEDURES W CC,2.5817,5.1,6.2
165, 04,SURG,MAJOR CHEST PROCEDURES W/O CC/MCC,1.7898,3.0,3.6
166, 04,SURG,OTHER RESP SYSTEM O.R. PROCEDURES W MCC,3.5562,8.3,10.6
167, 04,SURG,OTHER RESP SYSTEM O.R. PROCEDURES W CC,1.9550,4.9,6.2
168, 04,SURG,OTHER RESP SYSTEM O.R. PROCEDURES W/O CC/MCC,1.3359,2.9,3.8
175, 04,MED,PULMONARY EMBOLISM W MCC,1.4718,4.7,5.7
176, 04,MED,PULMONARY EMBOLISM W/O MCC,0.9129,3.1,3.8
177, 04,MED,RESPIRATORY INFECTIONS & INFLAMMATIONS W MCC,1.8672,5.9,7.4
178, 04,MED,RESPIRATORY INFECTIONS & INFLAMMATIONS W CC,1.3247,4.7,5.7
179, 04,MED,RESPIRATORY INFECTIONS & INFLAMMATIONS W/O CC/MCC,0.9325,3.5,4.2
180, 04,MED,RESPIRATORY NEOPLASMS W MCC,1.6976,5.1,6.7
181, 04,MED,RESPIRATORY NEOPLASMS W CC,1.1637,3.7,4.7
182, 04,MED,RESPIRATORY NEOPLASMS W/O CC/MCC,0.8167,2.5,3.1
183, 04,MED,MAJOR CHEST TRAUMA W MCC,1.4913,4.7,5.8
184, 04,MED,MAJOR CHEST TRAUMA W CC,0.9861,3.3,4.0
185, 04,MED,MAJOR CHEST TRAUMA W/O CC/MCC,0.7257,2.5,2.9
186, 04,MED,PLEURAL EFFUSION W MCC,1.5519,4.7,6.0
187, 04,MED,PLEURAL EFFUSION W CC,1.0560,3.5,4.4
188, 04,MED,PLEURAL EFFUSION W/O CC/MCC,0.7683,2.6,3.1
189, 04,MED,PULMONARY EDEMA & RESPIRATORY FAILURE,1.2135,3.8,4.9
190, 04,MED,CHRONIC OBSTRUCTIVE PULMONARY DISEASE W MCC,1.1481,3.9,4.8
191, 04,MED,CHRONIC OBSTRUCTIVE PULMONARY DISEASE W CC,0.9184,3.3,4.0
192, 04,MED,CHRONIC OBSTRUCTIVE PULMONARY DISEASE W/O CC/MCC,0.7234,2.7,3.2
193, 04,MED,SIMPLE PNEUMONIA & PLEURISY W MCC,1.3860,4.6,5.7
194, 04,MED,SIMPLE PNEUMONIA & PLEURISY W CC,0.9469,3.6,4.3
195, 04,MED,SIMPLE PNEUMONIA & PLEURISY W/O CC/MCC,0.7028,2.8,3.3
196, 04,MED,INTERSTITIAL LUNG DISEASE W MCC,1.6268,5.1,6.5
197, 04,MED,INTERSTITIAL LUNG DISEASE W CC,1.0585,3.5,4.4
198, 04,MED,INTERSTITIAL LUNG DISEASE W/O CC/MCC,0.8097,2.8,3.4
199, 04,MED,PNEUMOTHORAX W MCC,1.8097,5.6,7.2
200, 04,MED,PNEUMOTHORAX W CC,1.0511,3.5,4.3
201, 04,MED,PNEUMOTHORAX W/O CC/MCC,0.7402,2.6,3.2
202, 04,MED,BRONCHITIS & ASTHMA W CC/MCC,0.8910,3.1,3.8
203, 04,MED,BRONCHITIS & ASTHMA W/O CC/MCC,0.6712,2.5,3.0
204, 04,MED,RESPIRATORY SIGNS & SYMPTOMS,0.7420,2.2,2.8
205, 04,MED,OTHER RESPIRATORY SYSTEM DIAGNOSES W MCC,1.4650,4.1,5.4
206, 04,MED,OTHER RESPIRATORY SYSTEM DIAGNOSES W/O MCC,0.8320,2.6,3.2
207, 04,MED,RESPIRATORY SYSTEM DIAGNOSIS W VENTILATOR SUPPORT >96 HOURS,5.3364,12.1,14.1
208, 04,MED,RESPIRATORY SYSTEM DIAGNOSIS W VENTILATOR SUPPORT <=96 HOURS,2.3101,4.9,6.8
215, 05,SURG,OTHER HEART ASSIST SYSTEM IMPLANT,16.1076,12.8,18.7
216, 05,SURG,CARDIAC VALVE & OTH MAJ CARDIOTHORACIC PROC W CARD CATH W MCC,9.6440,12.1,15.1
217, 05,SURG,CARDIAC VALVE & OTH MAJ CARDIOTHORACIC PROC W CARD CATH W CC,6.3198,8.1,9.4
218, 05,SURG,CARDIAC VALVE & OTH MAJ CARDIOTHORACIC PROC W CARD CATH W/O CC/MCC,5.6679,5.4,6.5
219, 05,SURG,CARDIAC VALVE & OTH MAJ CARDIOTHORACIC PROC W/O CARD CATH W MCC,7.7112,9.5,11.5
220, 05,SURG,CARDIAC VALVE & OTH MAJ CARDIOTHORACIC PROC W/O CARD CATH W CC,5.1554,6.4,7.0
221, 05,SURG,CARDIAC VALVE & OTH MAJ CARDIOTHORACIC PROC W/O CARD CATH W/O CC/MCC,4.6105,4.7,5.2
222, 05,SURG,CARDIAC DEFIB IMPLANT W CARDIAC CATH W AMI/HF/SHOCK W MCC,8.4086,10.0,12.2
223, 05,SURG,CARDIAC DEFIB IMPLANT W CARDIAC CATH W AMI/HF/SHOCK W/O MCC,6.5119,5.9,7.2
224, 05,SURG,CARDIAC DEFIB IMPLANT W CARDIAC CATH W/O AMI/HF/SHOCK W MCC,7.5853,7.9,9.9
225, 05,SURG,CARDIAC DEFIB IMPLANT W CARDIAC CATH W/O AMI/HF/SHOCK W/O MCC,5.7209,4.1,4.8
226, 05,SURG,CARDIAC DEFIBRILLATOR IMPLANT W/O CARDIAC CATH W MCC,6.8945,6.9,9.0
227, 05,SURG,CARDIAC DEFIBRILLATOR IMPLANT W/O CARDIAC CATH W/O MCC,5.4560,3.4,4.5
228, 05,SURG,OTHER CARDIOTHORACIC PROCEDURES W MCC,7.0869,8.6,11.4
229, 05,SURG,OTHER CARDIOTHORACIC PROCEDURES W/O MCC,4.7459,4.3,5.5
231, 05,SURG,CORONARY BYPASS W PTCA W MCC,8.0662,10.6,12.3
232, 05,SURG,CORONARY BYPASS W PTCA W/O MCC,5.8874,8.1,8.9
233, 05,SURG,CORONARY BYPASS W CARDIAC CATH W MCC,7.4876,11.7,13.1
234, 05,SURG,CORONARY BYPASS W CARDIAC CATH W/O MCC,4.9523,8.0,8.6
235, 05,SURG,CORONARY BYPASS W/O CARDIAC CATH W MCC,5.7644,9.0,10.3
236, 05,SURG,CORONARY BYPASS W/O CARDIAC CATH W/O MCC,3.8520,6.1,6.5
239, 05,SURG,AMPUTATION FOR CIRC SYS DISORDERS EXC UPPER LIMB & TOE W MCC,4.8159,10.5,13.4
240, 05,SURG,AMPUTATION FOR CIRC SYS DISORDERS EXC UPPER LIMB & TOE W CC,2.7120,7.0,8.5
241, 05,SURG,AMPUTATION FOR CIRC SYS DISORDERS EXC UPPER LIMB & TOE W/O CC/MCC,1.4481,4.4,5.2
242, 05,SURG,PERMANENT CARDIAC PACEMAKER IMPLANT W MCC,3.7005,5.7,7.3
243, 05,SURG,PERMANENT CARDIAC PACEMAKER IMPLANT W CC,2.6338,3.5,4.4
244, 05,SURG,PERMANENT CARDIAC PACEMAKER IMPLANT W/O CC/MCC,2.1393,2.5,2.9
245, 05,SURG,AICD GENERATOR PROCEDURES,4.7746,4.1,5.6
246, 05,SURG,PERC CARDIOVASC PROC W DRUG-ELUTING STENT W MCC OR 4+ VESSELS/STENTS,3.2525,4.2,5.5
247, 05,SURG,PERC CARDIOVASC PROC W DRUG-ELUTING STENT W/O MCC,2.1226,2.3,2.7
248, 05,SURG,PERC CARDIOVASC PROC W NON-DRUG-ELUTING STENT W MCC OR 4+ VES/STENTS,3.0445,4.8,6.3
249, 05,SURG,PERC CARDIOVASC PROC W NON-DRUG-ELUTING STENT W/O MCC,1.9358,2.5,3.1
250, 05,SURG,PERC CARDIOVASC PROC W/O CORONARY ARTERY STENT W MCC,2.6299,4.1,5.5
251, 05,SURG,PERC CARDIOVASC PROC W/O CORONARY ARTERY STENT W/O MCC,1.6868,2.4,2.9
252, 05,SURG,OTHER VASCULAR PROCEDURES W MCC,3.3126,5.6,7.9
253, 05,SURG,OTHER VASCULAR PROCEDURES W CC,2.6441,4.3,5.7
254, 05,SURG,OTHER VASCULAR PROCEDURES W/O CC/MCC,1.7764,2.4,3.0
255, 05,SURG,UPPER LIMB & TOE AMPUTATION FOR CIRC SYSTEM DISORDERS W MCC,2.7042,6.8,9.0
256, 05,SURG,UPPER LIMB & TOE AMPUTATION FOR CIRC SYSTEM DISORDERS W CC,1.6872,5.3,6.4
257, 05,SURG,UPPER LIMB & TOE AMPUTATION FOR CIRC SYSTEM DISORDERS W/O CC/MCC,1.1295,3.3,4.1
258, 05,SURG,CARDIAC PACEMAKER DEVICE REPLACEMENT W MCC,3.0351,5.3,6.9
259, 05,SURG,CARDIAC PACEMAKER DEVICE REPLACEMENT W/O MCC,1.9905,2.9,3.5
260, 05,SURG,CARDIAC PACEMAKER REVISION EXCEPT DEVICE REPLACEMENT W MCC,3.7634,7.6,10.2
261, 05,SURG,CARDIAC PACEMAKER REVISION EXCEPT DEVICE REPLACEMENT W CC,1.9584,3.5,4.5
262, 05,SURG,CARDIAC PACEMAKER REVISION EXCEPT DEVICE REPLACEMENT W/O CC/MCC,1.6016,2.4,2.9
263, 05,SURG,VEIN LIGATION & STRIPPING,2.0521,4.0,6.0
264, 05,SURG,OTHER CIRCULATORY SYSTEM O.R. PROCEDURES,2.9537,5.9,8.5
265, 05,SURG,AICD LEAD PROCEDURES,3.2111,3.3,4.6
266, 05,SURG,ENDOVASCULAR CARDIAC VALVE REPLACEMENT W MCC,8.3933,6.3,8.5
267, 05,SURG,ENDOVASCULAR CARDIAC VALVE REPLACEMENT W/O MCC,6.4720,3.7,4.4
268, 05,SURG,AORTIC AND HEART ASSIST PROCEDURES EXCEPT PULSATION BALLOON W MCC,6.3047,6.6,9.5
269, 05,SURG,AORTIC AND HEART ASSIST PROCEDURES EXCEPT PULSATION BALLOON W/O MCC,4.0274,1.9,2.6
270, 05,SURG,OTHER MAJOR CARDIOVASCULAR PROCEDURES W MCC,4.7589,6.5,9.3
271, 05,SURG,OTHER MAJOR CARDIOVASCULAR PROCEDURES W CC,3.1272,4.4,5.8
272, 05,SURG,OTHER MAJOR CARDIOVASCULAR PROCEDURES W/O CC/MCC,2.3120,2.3,3.0
273, 05,SURG,PERCUTANEOUS INTRACARDIAC PROCEDURES W MCC,3.6045,6.0,8.0
274, 05,SURG,PERCUTANEOUS INTRACARDIAC PROCEDURES W/O MCC,2.5303,2.7,3.5
280, 05,MED,"ACUTE MYOCARDIAL INFARCTION, DISCHARGED ALIVE W MCC",1.6748,4.5,5.7
281, 05,MED,"ACUTE MYOCARDIAL INFARCTION, DISCHARGED ALIVE W CC",0.9968,2.8,3.4
282, 05,MED,"ACUTE MYOCARDIAL INFARCTION, DISCHARGED ALIVE W/O CC/MCC",0.7463,2.0,2.3
283, 05,MED,"ACUTE MYOCARDIAL INFARCTION, EXPIRED W MCC",1.6925,3.0,4.7
284, 05,MED,"ACUTE MYOCARDIAL INFARCTION, EXPIRED W CC",0.7544,1.7,2.4
285, 05,MED,"ACUTE MYOCARDIAL INFARCTION, EXPIRED W/O CC/MCC",0.5190,1.3,1.6
286, 05,MED,"CIRCULATORY DISORDERS EXCEPT AMI, W CARD CATH W MCC",2.2027,5.2,7.0
287, 05,MED,"CIRCULATORY DISORDERS EXCEPT AMI, W CARD CATH W/O MCC",1.1693,2.6,3.3
288, 05,MED,ACUTE & SUBACUTE ENDOCARDITIS W MCC,2.7773,7.6,9.7
289, 05,MED,ACUTE & SUBACUTE ENDOCARDITIS W CC,1.5523,5.2,6.4
290, 05,MED,ACUTE & SUBACUTE ENDOCARDITIS W/O CC/MCC,1.2605,4.5,5.5
291, 05,MED,HEART FAILURE & SHOCK W MCC,1.4796,4.6,5.8
292, 05,MED,HEART FAILURE & SHOCK W CC,0.9574,3.5,4.3
293, 05,MED,HEART FAILURE & SHOCK W/O CC/MCC,0.6618,2.6,3.0
294, 05,MED,DEEP VEIN THROMBOPHLEBITIS W CC/MCC,1.1154,3.8,4.7
295, 05,MED,DEEP VEIN THROMBOPHLEBITIS W/O CC/MCC,0.6746,3.3,3.7
296, 05,MED,"CARDIAC ARREST, UNEXPLAINED W MCC",1.3715,1.9,3.0
297, 05,MED,"CARDIAC ARREST, UNEXPLAINED W CC",0.5925,1.3,1.6
298, 05,MED,"CARDIAC ARREST, UNEXPLAINED W/O CC/MCC",0.4395,1.1,1.2
299, 05,MED,PERIPHERAL VASCULAR DISORDERS W MCC,1.4161,4.1,5.4
300, 05,MED,PERIPHERAL VASCULAR DISORDERS W CC,1.0077,3.5,4.3
301, 05,MED,PERIPHERAL VASCULAR DISORDERS W/O CC/MCC,0.7237,2.6,3.1
302, 05,MED,ATHEROSCLEROSIS W MCC,1.0408,2.8,3.8
303, 05,MED,ATHEROSCLEROSIS W/O MCC,0.6428,1.9,2.4
304, 05,MED,HYPERTENSION W MCC,1.0128,3.2,4.1
305, 05,MED,HYPERTENSION W/O MCC,0.6750,2.2,2.6
306, 05,MED,CARDIAC CONGENITAL & VALVULAR DISORDERS W MCC,1.4384,4.0,5.5
307, 05,MED,CARDIAC CONGENITAL & VALVULAR DISORDERS W/O MCC,0.8143,2.6,3.3
308, 05,MED,CARDIAC ARRHYTHMIA & CONDUCTION DISORDERS W MCC,1.2046,3.8,4.8
309, 05,MED,CARDIAC ARRHYTHMIA & CONDUCTION DISORDERS W CC,0.7757,2.6,3.2
310, 05,MED,CARDIAC ARRHYTHMIA & CONDUCTION DISORDERS W/O CC/MCC,0.5627,2.0,2.3
311, 05,MED,ANGINA PECTORIS,0.6310,1.9,2.3
312, 05,MED,SYNCOPE & COLLAPSE,0.7729,2.4,3.0
313, 05,MED,CHEST PAIN,0.6707,1.8,2.2
314, 05,MED,OTHER CIRCULATORY SYSTEM DIAGNOSES W MCC,1.9611,5.0,6.7
315, 05,MED,OTHER CIRCULATORY SYSTEM DIAGNOSES W CC,0.9708,3.0,3.8
316, 05,MED,OTHER CIRCULATORY SYSTEM DIAGNOSES W/O CC/MCC,0.6765,2.1,2.5
326, 06,SURG,"STOMACH, ESOPHAGEAL & DUODENAL PROC W MCC",5.3670,10.9,14.1
327, 06,SURG,"STOMACH, ESOPHAGEAL & DUODENAL PROC W CC",2.5899,5.5,7.2
328, 06,SURG,"STOMACH, ESOPHAGEAL & DUODENAL PROC W/O CC/MCC",1.5357,2.4,3.1
329, 06,SURG,MAJOR SMALL & LARGE BOWEL PROCEDURES W MCC,4.9612,11.3,14.0
330, 06,SURG,MAJOR SMALL & LARGE BOWEL PROCEDURES W CC,2.5405,6.8,7.9
331, 06,SURG,MAJOR SMALL & LARGE BOWEL PROCEDURES W/O CC/MCC,1.6623,4.0,4.5
332, 06,SURG,RECTAL RESECTION W MCC,4.7767,10.2,12.5
333, 06,SURG,RECTAL RESECTION W CC,2.4906,5.8,6.9
334, 06,SURG,RECTAL RESECTION W/O CC/MCC,1.5954,3.3,3.9
335, 06,SURG,PERITONEAL ADHESIOLYSIS W MCC,4.1035,10.3,12.6
336, 06,SURG,PERITONEAL ADHESIOLYSIS W CC,2.3439,6.6,8.0
337, 06,SURG,PERITONEAL ADHESIOLYSIS W/O CC/MCC,1.6212,4.0,4.9
338, 06,SURG,APPENDECTOMY W COMPLICATED PRINCIPAL DIAG W MCC,2.8646,7.0,8.5
339, 06,SURG,APPENDECTOMY W COMPLICATED PRINCIPAL DIAG W CC,1.6875,4.7,5.6
340, 06,SURG,APPENDECTOMY W COMPLICATED PRINCIPAL DIAG W/O CC/MCC,1.2105,2.8,3.3
341, 06,SURG,APPENDECTOMY W/O COMPLICATED PRINCIPAL DIAG W MCC,2.2214,4.6,6.1
342, 06,SURG,APPENDECTOMY W/O COMPLICATED PRINCIPAL DIAG W CC,1.3505,2.7,3.5
343, 06,SURG,APPENDECTOMY W/O COMPLICATED PRINCIPAL DIAG W/O CC/MCC,1.0198,1.7,2.0
344, 06,SURG,MINOR SMALL & LARGE BOWEL PROCEDURES W MCC,3.1626,8.3,10.7
345, 06,SURG,MINOR SMALL & LARGE BOWEL PROCEDURES W CC,1.6590,5.1,6.1
346, 06,SURG,MINOR SMALL & LARGE BOWEL PROCEDURES W/O CC/MCC,1.2303,3.6,4.1
347, 06,SURG,ANAL & STOMAL PROCEDURES W MCC,2.4818,6.1,8.2
348, 06,SURG,ANAL & STOMAL PROCEDURES W CC,1.4473,3.9,5.1
349, 06,SURG,ANAL & STOMAL PROCEDURES W/O CC/MCC,0.9561,2.3,2.9
350, 06,SURG,INGUINAL & FEMORAL HERNIA PROCEDURES W MCC,2.4264,5.8,7.6
351, 06,SURG,INGUINAL & FEMORAL HERNIA PROCEDURES W CC,1.4004,3.5,4.3
352, 06,SURG,INGUINAL & FEMORAL HERNIA PROCEDURES W/O CC/MCC,1.0015,2.1,2.6
353, 06,SURG,HERNIA PROCEDURES EXCEPT INGUINAL & FEMORAL W MCC,2.8746,6.2,8.0
354, 06,SURG,HERNIA PROCEDURES EXCEPT INGUINAL & FEMORAL W CC,1.6751,3.9,4.8
355, 06,SURG,HERNIA PROCEDURES EXCEPT INGUINAL & FEMORAL W/O CC/MCC,1.2698,2.5,3.0
356, 06,SURG,OTHER DIGESTIVE SYSTEM O.R. PROCEDURES W MCC,3.8503,8.3,11.3
357, 06,SURG,OTHER DIGESTIVE SYSTEM O.R. PROCEDURES W CC,2.0749,5.1,6.5
358, 06,SURG,OTHER DIGESTIVE SYSTEM O.R. PROCEDURES W/O CC/MCC,1.3550,3.1,4.0
368, 06,MED,MAJOR ESOPHAGEAL DISORDERS W MCC,1.8754,4.8,6.3
369, 06,MED,MAJOR ESOPHAGEAL DISORDERS W CC,1.0572,3.2,3.9
370, 06,MED,MAJOR ESOPHAGEAL DISORDERS W/O CC/MCC,0.7500,2.3,2.8
371, 06,MED,MAJOR GASTROINTESTINAL DISORDERS & PERITONEAL INFECTIONS W MCC,1.7490,5.7,7.4
372, 06,MED,MAJOR GASTROINTESTINAL DISORDERS & PERITONEAL INFECTIONS W CC,1.0858,4.3,5.2
373, 06,MED,MAJOR GASTROINTESTINAL DISORDERS & PERITONEAL INFECTIONS W/O CC/MCC,0.7693,3.3,3.9
374, 06,MED,DIGESTIVE MALIGNANCY W MCC,2.0332,5.8,7.8
375, 06,MED,DIGESTIVE MALIGNANCY W CC,1.2246,3.9,5.1
376, 06,MED,DIGESTIVE MALIGNANCY W/O CC/MCC,0.8495,2.6,3.3
377, 06,MED,G.I. HEMORRHAGE W MCC,1.7730,4.7,6.0
378, 06,MED,G.I. HEMORRHAGE W CC,0.9860,3.2,3.7
379, 06,MED,G.I. HEMORRHAGE W/O CC/MCC,0.6567,2.2,2.6
380, 06,MED,COMPLICATED PEPTIC ULCER W MCC,2.0196,5.4,7.1
381, 06,MED,COMPLICATED PEPTIC ULCER W CC,1.0750,3.5,4.2
382, 06,MED,COMPLICATED PEPTIC ULCER W/O CC/MCC,0.7659,2.6,3.2
383, 06,MED,UNCOMPLICATED PEPTIC ULCER W MCC,1.3234,4.1,5.1
384, 06,MED,UNCOMPLICATED PEPTIC ULCER W/O MCC,0.8625,2.8,3.3
385, 06,MED,INFLAMMATORY BOWEL DISEASE W MCC,1.6306,5.3,7.0
386, 06,MED,INFLAMMATORY BOWEL DISEASE W CC,0.9703,3.7,4.6
387, 06,MED,INFLAMMATORY BOWEL DISEASE W/O CC/MCC,0.7422,2.9,3.5
388, 06,MED,G.I. OBSTRUCTION W MCC,1.5476,5.1,6.7
389, 06,MED,G.I. OBSTRUCTION W CC,0.8585,3.4,4.2
390, 06,MED,G.I. OBSTRUCTION W/O CC/MCC,0.6014,2.6,3.1
391, 06,MED,"ESOPHAGITIS, GASTROENT & MISC DIGEST DISORDERS W MCC",1.1967,3.8,5.0
392, 06,MED,"ESOPHAGITIS, GASTROENT & MISC DIGEST DISORDERS W/O MCC",0.7402,2.7,3.3
393, 06,MED,OTHER DIGESTIVE SYSTEM DIAGNOSES W MCC,1.6721,4.6,6.4
394, 06,MED,OTHER DIGESTIVE SYSTEM DIAGNOSES W CC,0.9351,3.3,4.1
395, 06,MED,OTHER DIGESTIVE SYSTEM DIAGNOSES W/O CC/MCC,0.6596,2.4,2.9
405, 07,SURG,"PANCREAS, LIVER & SHUNT PROCEDURES W MCC",5.4464,10.3,13.7
406, 07,SURG,"PANCREAS, LIVER & SHUNT PROCEDURES W CC",2.7825,5.7,7.1
407, 07,SURG,"PANCREAS, LIVER & SHUNT PROCEDURES W/O CC/MCC",2.0118,4.1,4.9
408, 07,SURG,BILIARY TRACT PROC EXCEPT ONLY CHOLECYST W OR W/O C.D.E. W MCC,3.8931,9.3,11.7
409, 07,SURG,BILIARY TRACT PROC EXCEPT ONLY CHOLECYST W OR W/O C.D.E. W CC,2.2062,5.9,7.0
410, 07,SURG,BILIARY TRACT PROC EXCEPT ONLY CHOLECYST W OR W/O C.D.E. W/O CC/MCC,1.6611,4.3,5.0
411, 07,SURG,CHOLECYSTECTOMY W C.D.E. W MCC,3.5626,8.6,10.3
412, 07,SURG,CHOLECYSTECTOMY W C.D.E. W CC,2.3722,6.2,7.2
413, 07,SURG,CHOLECYSTECTOMY W C.D.E. W/O CC/MCC,1.7890,4.2,5.0
414, 07,SURG,CHOLECYSTECTOMY EXCEPT BY LAPAROSCOPE W/O C.D.E. W MCC,3.5095,8.4,10.3
415, 07,SURG,CHOLECYSTECTOMY EXCEPT BY LAPAROSCOPE W/O C.D.E. W CC,2.0235,5.5,6.4
416, 07,SURG,CHOLECYSTECTOMY EXCEPT BY LAPAROSCOPE W/O C.D.E. W/O CC/MCC,1.3259,3.3,3.9
417, 07,SURG,LAPAROSCOPIC CHOLECYSTECTOMY W/O C.D.E. W MCC,2.3944,5.5,6.9
418, 07,SURG,LAPAROSCOPIC CHOLECYSTECTOMY W/O C.D.E. W CC,1.6499,3.9,4.7
419, 07,SURG,LAPAROSCOPIC CHOLECYSTECTOMY W/O C.D.E. W/O CC/MCC,1.2619,2.5,3.0
420, 07,SURG,HEPATOBILIARY DIAGNOSTIC PROCEDURES W MCC,3.4728,7.6,10.8
421, 07,SURG,HEPATOBILIARY DIAGNOSTIC PROCEDURES W CC,1.6829,4.1,5.5
422, 07,SURG,HEPATOBILIARY DIAGNOSTIC PROCEDURES W/O CC/MCC,1.4228,2.7,3.6
423, 07,SURG,OTHER HEPATOBILIARY OR PANCREAS O.R. PROCEDURES W MCC,4.4817,9.6,13.7
424, 07,SURG,OTHER HEPATOBILIARY OR PANCREAS O.R. PROCEDURES W CC,2.3553,5.9,8.0
425, 07,SURG,OTHER HEPATOBILIARY OR PANCREAS O.R. PROCEDURES W/O CC/MCC,1.5207,3.4,3.9
432, 07,MED,CIRRHOSIS & ALCOHOLIC HEPATITIS W MCC,1.7112,4.7,6.2
433, 07,MED,CIRRHOSIS & ALCOHOLIC HEPATITIS W CC,0.9273,3.2,4.0
434, 07,MED,CIRRHOSIS & ALCOHOLIC HEPATITIS W/O CC/MCC,0.6120,2.4,3.0
435, 07,MED,MALIGNANCY OF HEPATOBILIARY SYSTEM OR PANCREAS W MCC,1.7396,5.0,6.6
436, 07,MED,MALIGNANCY OF HEPATOBILIARY SYSTEM OR PANCREAS W CC,1.1435,3.8,4.8
437, 07,MED,MALIGNANCY OF HEPATOBILIARY SYSTEM OR PANCREAS W/O CC/MCC,0.9305,2.7,3.4
438, 07,MED,DISORDERS OF PANCREAS EXCEPT MALIGNANCY W MCC,1.6584,4.9,6.6
439, 07,MED,DISORDERS OF PANCREAS EXCEPT MALIGNANCY W CC,0.8703,3.4,4.1
440, 07,MED,DISORDERS OF PANCREAS EXCEPT MALIGNANCY W/O CC/MCC,0.6280,2.6,3.1
441, 07,MED,"DISORDERS OF LIVER EXCEPT MALIG,CIRR,ALC HEPA W MCC",1.8910,5.0,6.8
442, 07,MED,"DISORDERS OF LIVER EXCEPT MALIG,CIRR,ALC HEPA W CC",0.9123,3.3,4.1
443, 07,MED,"DISORDERS OF LIVER EXCEPT MALIG,CIRR,ALC HEPA W/O CC/MCC",0.6644,2.5,3.1
444, 07,MED,DISORDERS OF THE BILIARY TRACT W MCC,1.5974,4.5,5.9
445, 07,MED,DISORDERS OF THE BILIARY TRACT W CC,1.0323,3.2,3.9
446, 07,MED,DISORDERS OF THE BILIARY TRACT W/O CC/MCC,0.7641,2.4,2.8
453, 08,SURG,COMBINED ANTERIOR/POSTERIOR SPINAL FUSION W MCC,10.8459,8.7,10.7
454, 08,SURG,COMBINED ANTERIOR/POSTERIOR SPINAL FUSION W CC,8.1210,4.7,5.6
455, 08,SURG,COMBINED ANTERIOR/POSTERIOR SPINAL FUSION W/O CC/MCC,6.3467,2.9,3.4
456, 08,SURG,SPINAL FUS EXC CERV W SPINAL CURV/MALIG/INFEC OR EXT FUS W MCC,9.9158,9.5,11.9
457, 08,SURG,SPINAL FUS EXC CERV W SPINAL CURV/MALIG/INFEC OR EXT FUS W CC,7.0523,5.5,6.4
458, 08,SURG,SPINAL FUS EXC CERV W SPINAL CURV/MALIG/INFEC OR EXT FUS W/O CC/MCC,5.3389,3.3,3.7
459, 08,SURG,SPINAL FUSION EXCEPT CERVICAL W MCC,6.5532,6.7,8.3
460, 08,SURG,SPINAL FUSION EXCEPT CERVICAL W/O MCC,3.9894,2.9,3.4
461, 08,SURG,BILATERAL OR MULTIPLE MAJOR JOINT PROCS OF LOWER EXTREMITY W MCC,5.1340,6.7,8.6
462, 08,SURG,BILATERAL OR MULTIPLE MAJOR JOINT PROCS OF LOWER EXTREMITY W/O MCC,3.2798,3.1,3.3
463, 08,SURG,"WND DEBRID & SKN GRFT EXC HAND, FOR MUSCULO-CONN TISS DIS W MCC",5.3812,10.3,14.0
464, 08,SURG,"WND DEBRID & SKN GRFT EXC HAND, FOR MUSCULO-CONN TISS DIS W CC",3.0492,6.1,7.7
465, 08,SURG,"WND DEBRID & SKN GRFT EXC HAND, FOR MUSCULO-CONN TISS DIS W/O CC/MCC",2.0437,3.8,4.6
466, 08,SURG,REVISION OF HIP OR KNEE REPLACEMENT W MCC,5.0249,6.6,8.2
467, 08,SURG,REVISION OF HIP OR KNEE REPLACEMENT W CC,3.4412,3.6,4.2
468, 08,SURG,REVISION OF HIP OR KNEE REPLACEMENT W/O CC/MCC,2.7936,2.6,2.8
469, 08,SURG,MAJOR JOINT REPLACEMENT OR REATTACHMENT OF LOWER EXTREMITY W MCC,3.2906,5.8,6.9
470, 08,SURG,MAJOR JOINT REPLACEMENT OR REATTACHMENT OF LOWER EXTREMITY W/O MCC,2.0671,2.6,2.9
471, 08,SURG,CERVICAL SPINAL FUSION W MCC,4.8156,6.3,8.8
472, 08,SURG,CERVICAL SPINAL FUSION W CC,2.8789,2.4,3.3
473, 08,SURG,CERVICAL SPINAL FUSION W/O CC/MCC,2.2992,1.5,1.8
474, 08,SURG,AMPUTATION FOR MUSCULOSKELETAL SYS & CONN TISSUE DIS W MCC,3.7498,8.9,11.3
475, 08,SURG,AMPUTATION FOR MUSCULOSKELETAL SYS & CONN TISSUE DIS W CC,2.0701,5.7,7.0
476, 08,SURG,AMPUTATION FOR MUSCULOSKELETAL SYS & CONN TISSUE DIS W/O CC/MCC,1.0771,3.0,3.8
477, 08,SURG,BIOPSIES OF MUSCULOSKELETAL SYSTEM & CONNECTIVE TISSUE W MCC,3.0384,8.2,10.2
478, 08,SURG,BIOPSIES OF MUSCULOSKELETAL SYSTEM & CONNECTIVE TISSUE W CC,2.2417,5.4,6.6
479, 08,SURG,BIOPSIES OF MUSCULOSKELETAL SYSTEM & CONNECTIVE TISSUE W/O CC/MCC,1.7482,3.6,4.3
480, 08,SURG,HIP & FEMUR PROCEDURES EXCEPT MAJOR JOINT W MCC,3.0014,6.6,7.8
481, 08,SURG,HIP & FEMUR PROCEDURES EXCEPT MAJOR JOINT W CC,2.0036,4.6,5.0
482, 08,SURG,HIP & FEMUR PROCEDURES EXCEPT MAJOR JOINT W/O CC/MCC,1.6344,3.7,4.0
483, 08,SURG,MAJOR JOINT/LIMB REATTACHMENT PROCEDURE OF UPPER EXTREMITIES,2.4097,1.8,2.2
485, 08,SURG,KNEE PROCEDURES W PDX OF INFECTION W MCC,3.0536,7.7,9.3
486, 08,SURG,KNEE PROCEDURES W PDX OF INFECTION W CC,2.0653,5.2,6.0
487, 08,SURG,KNEE PROCEDURES W PDX OF INFECTION W/O CC/MCC,1.5415,3.9,4.4
488, 08,SURG,KNEE PROCEDURES W/O PDX OF INFECTION W CC/MCC,1.7503,3.3,4.0
489, 08,SURG,KNEE PROCEDURES W/O PDX OF INFECTION W/O CC/MCC,1.2863,2.1,2.4
492, 08,SURG,"LOWER EXTREM & HUMER PROC EXCEPT HIP,FOOT,FEMUR W MCC",3.2145,6.3,7.8
493, 08,SURG,"LOWER EXTREM & HUMER PROC EXCEPT HIP,FOOT,FEMUR W CC",2.1367,4.0,4.7
494, 08,SURG,"LOWER EXTREM & HUMER PROC EXCEPT HIP,FOOT,FEMUR W/O CC/MCC",1.6321,2.7,3.2
495, 08,SURG,LOCAL EXCISION & REMOVAL INT FIX DEVICES EXC HIP & FEMUR W MCC,3.0812,7.4,9.6
496, 08,SURG,LOCAL EXCISION & REMOVAL INT FIX DEVICES EXC HIP & FEMUR W CC,1.7938,4.0,5.1
497, 08,SURG,LOCAL EXCISION & REMOVAL INT FIX DEVICES EXC HIP & FEMUR W/O CC/MCC,1.2655,2.0,2.6
498, 08,SURG,LOCAL EXCISION & REMOVAL INT FIX DEVICES OF HIP & FEMUR W CC/MCC,2.3685,5.4,7.1
499, 08,SURG,LOCAL EXCISION & REMOVAL INT FIX DEVICES OF HIP & FEMUR W/O CC/MCC,1.1379,2.3,2.8
500, 08,SURG,SOFT TISSUE PROCEDURES W MCC,3.1228,7.5,9.9
501, 08,SURG,SOFT TISSUE PROCEDURES W CC,1.6337,4.3,5.4
502, 08,SURG,SOFT TISSUE PROCEDURES W/O CC/MCC,1.2029,2.5,3.0
503, 08,SURG,FOOT PROCEDURES W MCC,2.4142,6.8,8.3
504, 08,SURG,FOOT PROCEDURES W CC,1.5712,4.9,5.9
505, 08,SURG,FOOT PROCEDURES W/O CC/MCC,1.3126,2.9,3.5
506, 08,SURG,MAJOR THUMB OR JOINT PROCEDURES,1.3199,3.6,4.6
507, 08,SURG,MAJOR SHOULDER OR ELBOW JOINT PROCEDURES W CC/MCC,1.9525,4.3,5.5
508, 08,SURG,MAJOR SHOULDER OR ELBOW JOINT PROCEDURES W/O CC/MCC,1.6850,2.3,2.8
509, 08,SURG,ARTHROSCOPY,1.7630,3.5,4.7
510, 08,SURG,"SHOULDER,ELBOW OR FOREARM PROC,EXC MAJOR JOINT PROC W MCC",2.4535,4.8,5.9
511, 08,SURG,"SHOULDER,ELBOW OR FOREARM PROC,EXC MAJOR JOINT PROC W CC",1.7530,3.3,3.9
512, 08,SURG,"SHOULDER,ELBOW OR FOREARM PROC,EXC MAJOR JOINT PROC W/O CC/MCC",1.4225,2.2,2.6
513, 08,SURG,"HAND OR WRIST PROC, EXCEPT MAJOR THUMB OR JOINT PROC W CC/MCC",1.5008,4.0,5.2
514, 08,SURG,"HAND OR WRIST PROC, EXCEPT MAJOR THUMB OR JOINT PROC W/O CC/MCC",0.9719,2.4,2.9
515, 08,SURG,OTHER MUSCULOSKELET SYS & CONN TISS O.R. PROC W MCC,3.1355,6.8,8.6
516, 08,SURG,OTHER MUSCULOSKELET SYS & CONN TISS O.R. PROC W CC,2.0709,4.3,5.3
517, 08,SURG,OTHER MUSCULOSKELET SYS & CONN TISS O.R. PROC W/O CC/MCC,1.7951,2.6,3.2
518, 08,SURG,BACK & NECK PROC EXC SPINAL FUSION W MCC OR DISC DEVICE/NEUROSTIM,2.8932,3.6,5.5
519, 08,SURG,BACK & NECK PROC EXC SPINAL FUSION W CC,1.7165,3.2,4.1
520, 08,SURG,BACK & NECK PROC EXC SPINAL FUSION W/O CC/MCC,1.2324,1.9,2.3
533, 08,MED,FRACTURES OF FEMUR W MCC,1.3603,4.3,5.5
534, 08,MED,FRACTURES OF FEMUR W/O MCC,0.7605,2.9,3.5
535, 08,MED,FRACTURES OF HIP & PELVIS W MCC,1.1927,4.0,5.0
536, 08,MED,FRACTURES OF HIP & PELVIS W/O MCC,0.7231,3.0,3.4
537, 08,MED,"SPRAINS, STRAINS, & DISLOCATIONS OF HIP, PELVIS & THIGH W CC/MCC",0.9216,3.3,4.0
538, 08,MED,"SPRAINS, STRAINS, & DISLOCATIONS OF HIP, PELVIS & THIGH W/O CC/MCC",0.7008,2.5,2.8
539, 08,MED,OSTEOMYELITIS W MCC,1.9385,6.1,8.2
540, 08,MED,OSTEOMYELITIS W CC,1.3142,4.6,5.9
541, 08,MED,OSTEOMYELITIS W/O CC/MCC,0.9634,3.6,4.6
542, 08,MED,PATHOLOGICAL FRACTURES & MUSCULOSKELET & CONN TISS MALIG W MCC,1.8446,5.5,7.4
543, 08,MED,PATHOLOGICAL FRACTURES & MUSCULOSKELET & CONN TISS MALIG W CC,1.1054,3.9,4.9
544, 08,MED,PATHOLOGICAL FRACTURES & MUSCULOSKELET & CONN TISS MALIG W/O CC/MCC,0.7749,3.0,3.5
545, 08,MED,CONNECTIVE TISSUE DISORDERS W MCC,2.4500,5.9,8.4
546, 08,MED,CONNECTIVE TISSUE DISORDERS W CC,1.1350,3.7,4.7
547, 08,MED,CONNECTIVE TISSUE DISORDERS W/O CC/MCC,0.7963,2.7,3.2
548, 08,MED,SEPTIC ARTHRITIS W MCC,1.8497,5.7,7.3
549, 08,MED,SEPTIC ARTHRITIS W CC,1.1534,4.1,5.1
550, 08,MED,SEPTIC ARTHRITIS W/O CC/MCC,0.8738,3.0,3.8
551, 08,MED,MEDICAL BACK PROBLEMS W MCC,1.5613,4.6,6.0
552, 08,MED,MEDICAL BACK PROBLEMS W/O MCC,0.8719,3.1,3.7
553, 08,MED,BONE DISEASES & ARTHROPATHIES W MCC,1.2043,4.1,5.2
554, 08,MED,BONE DISEASES & ARTHROPATHIES W/O MCC,0.7291,2.8,3.4
555, 08,MED,SIGNS & SYMPTOMS OF MUSCULOSKELETAL SYSTEM & CONN TISSUE W MCC,1.2689,3.8,5.0
556, 08,MED,SIGNS & SYMPTOMS OF MUSCULOSKELETAL SYSTEM & CONN TISSUE W/O MCC,0.7433,2.6,3.2
557, 08,MED,"TENDONITIS, MYOSITIS & BURSITIS W MCC",1.3730,4.8,5.9
558, 08,MED,"TENDONITIS, MYOSITIS & BURSITIS W/O MCC",0.8398,3.3,3.9
559, 08,MED,"AFTERCARE, MUSCULOSKELETAL SYSTEM & CONNECTIVE TISSUE W MCC",1.8644,4.8,6.5
560, 08,MED,"AFTERCARE, MUSCULOSKELETAL SYSTEM & CONNECTIVE TISSUE W CC",1.0724,3.4,4.3
561, 08,MED,"AFTERCARE, MUSCULOSKELETAL SYSTEM & CONNECTIVE TISSUE W/O CC/MCC",0.7405,2.3,2.7
562, 08,MED,"FX, SPRN, STRN & DISL EXCEPT FEMUR, HIP, PELVIS & THIGH W MCC",1.3212,4.1,5.2
563, 08,MED,"FX, SPRN, STRN & DISL EXCEPT FEMUR, HIP, PELVIS & THIGH W/O MCC",0.7915,3.0,3.5
564, 08,MED,OTHER MUSCULOSKELETAL SYS & CONNECTIVE TISSUE DIAGNOSES W MCC,1.5890,4.7,6.3
565, 08,MED,OTHER MUSCULOSKELETAL SYS & CONNECTIVE TISSUE DIAGNOSES W CC,0.9660,3.5,4.3
566, 08,MED,OTHER MUSCULOSKELETAL SYS & CONNECTIVE TISSUE DIAGNOSES W/O CC/MCC,0.7247,2.6,3.2
570, 09,SURG,SKIN DEBRIDEMENT W MCC,2.3711,7.0,8.9
571, 09,SURG,SKIN DEBRIDEMENT W CC,1.4391,5.0,6.0
572, 09,SURG,SKIN DEBRIDEMENT W/O CC/MCC,1.0494,3.7,4.4
573, 09,SURG,SKIN GRAFT FOR SKIN ULCER OR CELLULITIS W MCC,3.6872,8.4,12.2
574, 09,SURG,SKIN GRAFT FOR SKIN ULCER OR CELLULITIS W CC,2.8569,7.3,9.4
575, 09,SURG,SKIN GRAFT FOR SKIN ULCER OR CELLULITIS W/O CC/MCC,1.4792,4.4,5.4
576, 09,SURG,SKIN GRAFT EXC FOR SKIN ULCER OR CELLULITIS W MCC,4.3197,8.2,12.2
577, 09,SURG,SKIN GRAFT EXC FOR SKIN ULCER OR CELLULITIS W CC,2.2889,4.4,6.4
578, 09,SURG,SKIN GRAFT EXC FOR SKIN ULCER OR CELLULITIS W/O CC/MCC,1.3833,2.6,3.5
579, 09,SURG,"OTHER SKIN, SUBCUT TISS & BREAST PROC W MCC",2.7198,7.0,9.1
580, 09,SURG,"OTHER SKIN, SUBCUT TISS & BREAST PROC W CC",1.6483,4.2,5.4
581, 09,SURG,"OTHER SKIN, SUBCUT TISS & BREAST PROC W/O CC/MCC",1.2666,2.3,3.0
582, 09,SURG,MASTECTOMY FOR MALIGNANCY W CC/MCC,1.4996,2.3,3.1
583, 09,SURG,MASTECTOMY FOR MALIGNANCY W/O CC/MCC,1.3161,1.7,2.0
584, 09,SURG,"BREAST BIOPSY, LOCAL EXCISION & OTHER BREAST PROCEDURES W CC/MCC",1.7952,3.6,4.8
585, 09,SURG,"BREAST BIOPSY, LOCAL EXCISION & OTHER BREAST PROCEDURES W/O CC/MCC",1.5874,2.1,2.6
592, 09,MED,SKIN ULCERS W MCC,1.4086,4.9,6.5
593, 09,MED,SKIN ULCERS W CC,0.9983,4.0,4.9
594, 09,MED,SKIN ULCERS W/O CC/MCC,0.7351,3.1,3.8
595, 09,MED,MAJOR SKIN DISORDERS W MCC,2.0203,5.6,7.6
596, 09,MED,MAJOR SKIN DISORDERS W/O MCC,0.9671,3.6,4.5
597, 09,MED,MALIGNANT BREAST DISORDERS W MCC,1.7583,5.3,7.1
598, 09,MED,MALIGNANT BREAST DISORDERS W CC,1.1909,3.8,5.1
599, 09,MED,MALIGNANT BREAST DISORDERS W/O CC/MCC,0.7094,2.4,3.2
600, 09,MED,NON-MALIGNANT BREAST DISORDERS W CC/MCC,1.0093,3.6,4.6
601, 09,MED,NON-MALIGNANT BREAST DISORDERS W/O CC/MCC,0.6611,2.7,3.2
602, 09,MED,CELLULITIS W MCC,1.4558,4.9,6.1
603, 09,MED,CELLULITIS W/O MCC,0.8445,3.4,4.1
604, 09,MED,"TRAUMA TO THE SKIN, SUBCUT TISS & BREAST W MCC",1.3482,4.0,5.1
605, 09,MED,"TRAUMA TO THE SKIN, SUBCUT TISS & BREAST W/O MCC",0.8153,2.7,3.3
606, 09,MED,MINOR SKIN DISORDERS W MCC,1.4062,4.2,5.9
607, 09,MED,MINOR SKIN DISORDERS W/O MCC,0.7719,2.9,3.6
614, 10,SURG,ADRENAL & PITUITARY PROCEDURES W CC/MCC,2.4020,3.8,5.5
615, 10,SURG,ADRENAL & PITUITARY PROCEDURES W/O CC/MCC,1.4146,2.0,2.3
616, 10,SURG,"AMPUTAT OF LOWER LIMB FOR ENDOCRINE,NUTRIT,& METABOL DIS W MCC",4.0724,10.5,12.7
617, 10,SURG,"AMPUTAT OF LOWER LIMB FOR ENDOCRINE,NUTRIT,& METABOL DIS W CC",2.0092,6.0,7.2
618, 10,SURG,"AMPUTAT OF LOWER LIMB FOR ENDOCRINE,NUTRIT,& METABOL DIS W/O CC/MCC",1.2436,3.7,4.6
619, 10,SURG,O.R. PROCEDURES FOR OBESITY W MCC,3.0872,3.8,6.0
620, 10,SURG,O.R. PROCEDURES FOR OBESITY W CC,1.7870,2.3,2.8
621, 10,SURG,O.R. PROCEDURES FOR OBESITY W/O CC/MCC,1.5522,1.7,1.9
622, 10,SURG,"SKIN GRAFTS & WOUND DEBRID FOR ENDOC, NUTRIT & METAB DIS W MCC",3.6812,9.0,11.9
623, 10,SURG,"SKIN GRAFTS & WOUND DEBRID FOR ENDOC, NUTRIT & METAB DIS W CC",1.8950,5.5,6.9
624, 10,SURG,"SKIN GRAFTS & WOUND DEBRID FOR ENDOC, NUTRIT & METAB DIS W/O CC/MCC",1.0722,3.7,4.4
625, 10,SURG,"THYROID, PARATHYROID & THYROGLOSSAL PROCEDURES W MCC",2.6769,5.1,7.5
626, 10,SURG,"THYROID, PARATHYROID & THYROGLOSSAL PROCEDURES W CC",1.5039,2.4,3.5
627, 10,SURG,"THYROID, PARATHYROID & THYROGLOSSAL PROCEDURES W/O CC/MCC",1.0183,1.5,1.7
628, 10,SURG,"OTHER ENDOCRINE, NUTRIT & METAB O.R. PROC W MCC",3.3498,6.9,9.6
629, 10,SURG,"OTHER ENDOCRINE, NUTRIT & METAB O.R. PROC W CC",2.1705,6.0,7.1
630, 10,SURG,"OTHER ENDOCRINE, NUTRIT & METAB O.R. PROC W/O CC/MCC",1.5055,2.8,3.6
637, 10,MED,DIABETES W MCC,1.3567,4.0,5.3
638, 10,MED,DIABETES W CC,0.8382,3.0,3.7
639, 10,MED,DIABETES W/O CC/MCC,0.5972,2.2,2.6
640, 10,MED,"MISC DISORDERS OF NUTRITION,METABOLISM,FLUIDS/ELECTROLYTES W MCC",1.1433,3.3,4.5
641, 10,MED,"MISC DISORDERS OF NUTRITION,METABOLISM,FLUIDS/ELECTROLYTES W/O MCC",0.7181,2.7,3.3
642, 10,MED,INBORN AND OTHER DISORDERS OF METABOLISM,1.2065,3.3,4.5
643, 10,MED,ENDOCRINE DISORDERS W MCC,1.5680,5.1,6.4
644, 10,MED,ENDOCRINE DISORDERS W CC,0.9970,3.7,4.5
645, 10,MED,ENDOCRINE DISORDERS W/O CC/MCC,0.7299,2.8,3.3
652, 11,SURG,KIDNEY TRANSPLANT,3.2964,5.5,6.5
653, 11,SURG,MAJOR BLADDER PROCEDURES W MCC,5.7501,11.7,14.4
654, 11,SURG,MAJOR BLADDER PROCEDURES W CC,3.0787,7.1,8.0
655, 11,SURG,MAJOR BLADDER PROCEDURES W/O CC/MCC,2.1635,4.6,5.2
656, 11,SURG,KIDNEY & URETER PROCEDURES FOR NEOPLASM W MCC,3.4451,6.5,8.5
657, 11,SURG,KIDNEY & URETER PROCEDURES FOR NEOPLASM W CC,2.0138,4.1,4.9
658, 11,SURG,KIDNEY & URETER PROCEDURES FOR NEOPLASM W/O CC/MCC,1.5334,2.5,2.9
659, 11,SURG,KIDNEY & URETER PROCEDURES FOR NON-NEOPLASM W MCC,3.3574,7.5,10.1
660, 11,SURG,KIDNEY & URETER PROCEDURES FOR NON-NEOPLASM W CC,1.8863,4.0,5.3
661, 11,SURG,KIDNEY & URETER PROCEDURES FOR NON-NEOPLASM W/O CC/MCC,1.4239,2.2,2.7
662, 11,SURG,MINOR BLADDER PROCEDURES W MCC,2.8932,7.3,9.6
663, 11,SURG,MINOR BLADDER PROCEDURES W CC,1.5062,3.8,5.1
664, 11,SURG,MINOR BLADDER PROCEDURES W/O CC/MCC,1.2146,2.0,2.5
665, 11,SURG,PROSTATECTOMY W MCC,3.0641,8.3,10.4
666, 11,SURG,PROSTATECTOMY W CC,1.7583,4.6,6.2
667, 11,SURG,PROSTATECTOMY W/O CC/MCC,1.0017,2.3,2.9
668, 11,SURG,TRANSURETHRAL PROCEDURES W MCC,2.4534,6.3,8.2
669, 11,SURG,TRANSURETHRAL PROCEDURES W CC,1.3062,3.0,4.0
670, 11,SURG,TRANSURETHRAL PROCEDURES W/O CC/MCC,0.9652,2.2,2.7
671, 11,SURG,URETHRAL PROCEDURES W CC/MCC,1.5623,4.1,5.2
672, 11,SURG,URETHRAL PROCEDURES W/O CC/MCC,0.9816,2.1,2.6
673, 11,SURG,OTHER KIDNEY & URINARY TRACT PROCEDURES W MCC,3.3428,7.4,10.2
674, 11,SURG,OTHER KIDNEY & URINARY TRACT PROCEDURES W CC,2.2548,5.3,6.8
675, 11,SURG,OTHER KIDNEY & URINARY TRACT PROCEDURES W/O CC/MCC,1.5477,2.5,3.3
682, 11,MED,RENAL FAILURE W MCC,1.4989,4.5,6.0
683, 11,MED,RENAL FAILURE W CC,0.9191,3.4,4.2
684, 11,MED,RENAL FAILURE W/O CC/MCC,0.6181,2.4,2.9
685, 11,MED,ADMIT FOR RENAL DIALYSIS,1.0429,2.8,3.7
686, 11,MED,KIDNEY & URINARY TRACT NEOPLASMS W MCC,1.6710,5.3,6.9
687, 11,MED,KIDNEY & URINARY TRACT NEOPLASMS W CC,1.0607,3.5,4.6
688, 11,MED,KIDNEY & URINARY TRACT NEOPLASMS W/O CC/MCC,0.6891,2.1,2.6
689, 11,MED,KIDNEY & URINARY TRACT INFECTIONS W MCC,1.0649,4.0,4.9
690, 11,MED,KIDNEY & URINARY TRACT INFECTIONS W/O MCC,0.7777,3.1,3.7
691, 11,MED,URINARY STONES W ESW LITHOTRIPSY W CC/MCC,1.6069,3.0,4.0
692, 11,MED,URINARY STONES W ESW LITHOTRIPSY W/O CC/MCC,1.2674,1.9,2.3
693, 11,MED,URINARY STONES W/O ESW LITHOTRIPSY W MCC,1.3245,3.8,5.0
694, 11,MED,URINARY STONES W/O ESW LITHOTRIPSY W/O MCC,0.7389,2.0,2.5
695, 11,MED,KIDNEY & URINARY TRACT SIGNS & SYMPTOMS W MCC,1.2176,3.9,5.1
696, 11,MED,KIDNEY & URINARY TRACT SIGNS & SYMPTOMS W/O MCC,0.6938,2.5,3.1
697, 11,MED,URETHRAL STRICTURE,0.8503,2.6,3.3
698, 11,MED,OTHER KIDNEY & URINARY TRACT DIAGNOSES W MCC,1.5661,5.0,6.3
699, 11,MED,OTHER KIDNEY & URINARY TRACT DIAGNOSES W CC,1.0359,3.5,4.4
700, 11,MED,OTHER KIDNEY & URINARY TRACT DIAGNOSES W/O CC/MCC,0.7433,2.7,3.3
707, 12,SURG,MAJOR MALE PELVIC PROCEDURES W CC/MCC,1.8091,2.7,3.7
708, 12,SURG,MAJOR MALE PELVIC PROCEDURES W/O CC/MCC,1.3476,1.4,1.6
709, 12,SURG,PENIS PROCEDURES W CC/MCC,2.1748,4.5,6.8
710, 12,SURG,PENIS PROCEDURES W/O CC/MCC,1.4650,1.8,2.2
711, 12,SURG,TESTES PROCEDURES W CC/MCC,2.1211,5.8,7.5
712, 12,SURG,TESTES PROCEDURES W/O CC/MCC,1.0714,2.6,3.2
713, 12,SURG,TRANSURETHRAL PROSTATECTOMY W CC/MCC,1.5948,3.5,5.0
714, 12,SURG,TRANSURETHRAL PROSTATECTOMY W/O CC/MCC,0.8410,1.7,2.0
715, 12,SURG,OTHER MALE REPRODUCTIVE SYSTEM O.R. PROC FOR MALIGNANCY W CC/MCC,2.0657,5.1,7.1
716, 12,SURG,OTHER MALE REPRODUCTIVE SYSTEM O.R. PROC FOR MALIGNANCY W/O CC/MCC,1.2097,1.6,1.9
717, 12,SURG,OTHER MALE REPRODUCTIVE SYSTEM O.R. PROC EXC MALIGNANCY W CC/MCC,1.6430,4.3,5.7
718, 12,SURG,OTHER MALE REPRODUCTIVE SYSTEM O.R. PROC EXC MALIGNANCY W/O CC/MCC,1.0425,2.4,3.1
722, 12,MED,"MALIGNANCY, MALE REPRODUCTIVE SYSTEM W MCC",1.6914,5.2,7.0
723, 12,MED,"MALIGNANCY, MALE REPRODUCTIVE SYSTEM W CC",1.0847,3.8,4.8
724, 12,MED,"MALIGNANCY, MALE REPRODUCTIVE SYSTEM W/O CC/MCC",0.7356,2.0,2.8
725, 12,MED,BENIGN PROSTATIC HYPERTROPHY W MCC,1.3225,4.4,5.8
726, 12,MED,BENIGN PROSTATIC HYPERTROPHY W/O MCC,0.7233,2.7,3.3
727, 12,MED,INFLAMMATION OF THE MALE REPRODUCTIVE SYSTEM W MCC,1.3771,4.7,5.9
728, 12,MED,INFLAMMATION OF THE MALE REPRODUCTIVE SYSTEM W/O MCC,0.8078,3.1,3.8
729, 12,MED,OTHER MALE REPRODUCTIVE SYSTEM DIAGNOSES W CC/MCC,1.0716,3.5,4.7
730, 12,MED,OTHER MALE REPRODUCTIVE SYSTEM DIAGNOSES W/O CC/MCC,0.6552,2.3,2.8
734, 13,SURG,"PELVIC EVISCERATION, RAD HYSTERECTOMY & RAD VULVECTOMY W CC/MCC",2.7192,4.6,6.9
735, 13,SURG,"PELVIC EVISCERATION, RAD HYSTERECTOMY & RAD VULVECTOMY W/O CC/MCC",1.2428,1.8,2.2
736, 13,SURG,UTERINE & ADNEXA PROC FOR OVARIAN OR ADNEXAL MALIGNANCY W MCC,4.1739,9.6,11.7
737, 13,SURG,UTERINE & ADNEXA PROC FOR OVARIAN OR ADNEXAL MALIGNANCY W CC,1.9513,4.9,5.7
738, 13,SURG,UTERINE & ADNEXA PROC FOR OVARIAN OR ADNEXAL MALIGNANCY W/O CC/MCC,1.3956,3.0,3.4
739, 13,SURG,"UTERINE,ADNEXA PROC FOR NON-OVARIAN/ADNEXAL MALIG W MCC",3.4992,7.0,9.3
740, 13,SURG,"UTERINE,ADNEXA PROC FOR NON-OVARIAN/ADNEXAL MALIG W CC",1.7059,3.2,4.2
741, 13,SURG,"UTERINE,ADNEXA PROC FOR NON-OVARIAN/ADNEXAL MALIG W/O CC/MCC",1.2358,1.8,2.1
742, 13,SURG,UTERINE & ADNEXA PROC FOR NON-MALIGNANCY W CC/MCC,1.6087,3.1,4.1
743, 13,SURG,UTERINE & ADNEXA PROC FOR NON-MALIGNANCY W/O CC/MCC,1.0167,1.8,2.0
744, 13,SURG,"D&C, CONIZATION, LAPAROSCOPY & TUBAL INTERRUPTION W CC/MCC",1.6717,4.0,5.4
745, 13,SURG,"D&C, CONIZATION, LAPAROSCOPY & TUBAL INTERRUPTION W/O CC/MCC",1.0593,2.2,2.5
746, 13,SURG,"VAGINA, CERVIX & VULVA PROCEDURES W CC/MCC",1.4750,3.4,4.8
747, 13,SURG,"VAGINA, CERVIX & VULVA PROCEDURES W/O CC/MCC",0.9364,1.6,2.0
748, 13,SURG,FEMALE REPRODUCTIVE SYSTEM RECONSTRUCTIVE PROCEDURES,1.1940,1.7,2.1
749, 13,SURG,OTHER FEMALE REPRODUCTIVE SYSTEM O.R. PROCEDURES W CC/MCC,2.7550,5.8,8.3
750, 13,SURG,OTHER FEMALE REPRODUCTIVE SYSTEM O.R. PROCEDURES W/O CC/MCC,1.2993,2.5,3.1
754, 13,MED,"MALIGNANCY, FEMALE REPRODUCTIVE SYSTEM W MCC",1.9107,5.6,7.8
755, 13,MED,"MALIGNANCY, FEMALE REPRODUCTIVE SYSTEM W CC",1.1225,3.7,4.8
756, 13,MED,"MALIGNANCY, FEMALE REPRODUCTIVE SYSTEM W/O CC/MCC",0.6691,2.2,2.8
757, 13,MED,"INFECTIONS, FEMALE REPRODUCTIVE SYSTEM W MCC",1.4425,5.3,6.6
758, 13,MED,"INFECTIONS, FEMALE REPRODUCTIVE SYSTEM W CC",1.0480,4.0,5.0
759, 13,MED,"INFECTIONS, FEMALE REPRODUCTIVE SYSTEM W/O CC/MCC",0.7042,2.8,3.4
760, 13,MED,MENSTRUAL & OTHER FEMALE REPRODUCTIVE SYSTEM DISORDERS W CC/MCC,0.8793,2.8,3.7
761, 13,MED,MENSTRUAL & OTHER FEMALE REPRODUCTIVE SYSTEM DISORDERS W/O CC/MCC,0.5559,1.8,2.1
765, 14,SURG,CESAREAN SECTION W CC/MCC,1.1358,3.7,4.7
766, 14,SURG,CESAREAN SECTION W/O CC/MCC,0.8100,2.8,3.0
767, 14,SURG,VAGINAL DELIVERY W STERILIZATION &/OR D&C,0.8905,2.5,2.9
768, 14,SURG,VAGINAL DELIVERY W O.R. PROC EXCEPT STERIL &/OR D&C,1.2712,4.7,5.8
769, 14,SURG,POSTPARTUM & POST ABORTION DIAGNOSES W O.R. PROCEDURE,2.0576,4.1,6.2
770, 14,SURG,"ABORTION W D&C, ASPIRATION CURETTAGE OR HYSTEROTOMY",0.9707,2.1,2.6
774, 14,MED,VAGINAL DELIVERY W COMPLICATING DIAGNOSES,0.7962,2.6,3.2
775, 14,MED,VAGINAL DELIVERY W/O COMPLICATING DIAGNOSES,0.6094,2.1,2.3
776, 14,MED,POSTPARTUM & POST ABORTION DIAGNOSES W/O O.R. PROCEDURE,0.7076,2.5,3.2
777, 14,MED,ECTOPIC PREGNANCY,0.9897,1.9,2.3
778, 14,MED,THREATENED ABORTION,0.6080,2.1,3.2
779, 14,MED,ABORTION W/O D&C,0.6300,1.8,2.2
780, 14,MED,FALSE LABOR,0.6099,1.6,3.3
781, 14,MED,OTHER ANTEPARTUM DIAGNOSES W MEDICAL COMPLICATIONS,0.8181,2.7,4.0
782, 14,MED,OTHER ANTEPARTUM DIAGNOSES W/O MEDICAL COMPLICATIONS,0.4711,1.7,2.6
789, 15,MED,"NEONATES, DIED OR TRANSFERRED TO ANOTHER ACUTE CARE FACILITY",1.5979,1.8,1.8
790, 15,MED,"EXTREME IMMATURITY OR RESPIRATORY DISTRESS SYNDROME, NEONATE",5.2692,17.9,17.9
791, 15,MED,PREMATURITY W MAJOR PROBLEMS,3.5987,13.3,13.3
792, 15,MED,PREMATURITY W/O MAJOR PROBLEMS,2.1713,8.6,8.6
793, 15,MED,FULL TERM NEONATE W MAJOR PROBLEMS,3.6967,4.7,4.7
794, 15,MED,NEONATE W OTHER SIGNIFICANT PROBLEMS,1.3084,3.4,3.4
795, 15,MED,NORMAL NEWBORN,0.1771,3.1,3.1
799, 16,SURG,SPLENECTOMY W MCC,5.0987,8.4,11.3
800, 16,SURG,SPLENECTOMY W CC,2.8433,5.3,7.0
801, 16,SURG,SPLENECTOMY W/O CC/MCC,1.6639,2.7,3.3
802, 16,SURG,OTHER O.R. PROC OF THE BLOOD & BLOOD FORMING ORGANS W MCC,3.1629,7.5,10.1
803, 16,SURG,OTHER O.R. PROC OF THE BLOOD & BLOOD FORMING ORGANS W CC,1.7769,4.5,5.7
804, 16,SURG,OTHER O.R. PROC OF THE BLOOD & BLOOD FORMING ORGANS W/O CC/MCC,1.2361,2.4,3.0
808, 16,MED,MAJOR HEMATOL/IMMUN DIAG EXC SICKLE CELL CRISIS & COAGUL W MCC,2.1724,5.8,7.7
809, 16,MED,MAJOR HEMATOL/IMMUN DIAG EXC SICKLE CELL CRISIS & COAGUL W CC,1.2049,3.7,4.7
810, 16,MED,MAJOR HEMATOL/IMMUN DIAG EXC SICKLE CELL CRISIS & COAGUL W/O CC/MCC,0.9387,2.8,3.4
811, 16,MED,RED BLOOD CELL DISORDERS W MCC,1.3352,3.7,5.0
812, 16,MED,RED BLOOD CELL DISORDERS W/O MCC,0.8632,2.8,3.5
813, 16,MED,COAGULATION DISORDERS,1.9246,3.7,5.1
814, 16,MED,RETICULOENDOTHELIAL & IMMUNITY DISORDERS W MCC,1.7033,4.8,6.6
815, 16,MED,RETICULOENDOTHELIAL & IMMUNITY DISORDERS W CC,0.9629,3.2,4.0
816, 16,MED,RETICULOENDOTHELIAL & IMMUNITY DISORDERS W/O CC/MCC,0.7358,2.4,2.9
820, 17,SURG,LYMPHOMA & LEUKEMIA W MAJOR O.R. PROCEDURE W MCC,5.9142,12.0,16.6
821, 17,SURG,LYMPHOMA & LEUKEMIA W MAJOR O.R. PROCEDURE W CC,2.3309,4.5,6.3
822, 17,SURG,LYMPHOMA & LEUKEMIA W MAJOR O.R. PROCEDURE W/O CC/MCC,1.2134,2.0,2.6
823, 17,SURG,LYMPHOMA & NON-ACUTE LEUKEMIA W OTHER O.R. PROC W MCC,4.4304,10.8,14.2
824, 17,SURG,LYMPHOMA & NON-ACUTE LEUKEMIA W OTHER O.R. PROC W CC,2.2564,5.8,7.7
825, 17,SURG,LYMPHOMA & NON-ACUTE LEUKEMIA W OTHER O.R. PROC W/O CC/MCC,1.3561,3.0,3.9
826, 17,SURG,MYELOPROLIF DISORD OR POORLY DIFF NEOPL W MAJ O.R. PROC W MCC,4.8686,10.7,14.0
827, 17,SURG,MYELOPROLIF DISORD OR POORLY DIFF NEOPL W MAJ O.R. PROC W CC,2.3484,5.0,6.4
828, 17,SURG,MYELOPROLIF DISORD OR POORLY DIFF NEOPL W MAJ O.R. PROC W/O CC/MCC,1.4739,2.8,3.4
829, 17,SURG,MYELOPROLIF DISORD OR POORLY DIFF NEOPL W OTHER O.R. PROC W CC/MCC,3.3552,7.0,10.5
830, 17,SURG,MYELOPROLIF DISORD OR POORLY DIFF NEOPL W OTHER O.R. PROC W/O CC/MCC,1.5046,3.0,3.8
834, 17,MED,ACUTE LEUKEMIA W/O MAJOR O.R. PROCEDURE W MCC,5.6316,10.1,16.9
835, 17,MED,ACUTE LEUKEMIA W/O MAJOR O.R. PROCEDURE W CC,2.2517,4.8,7.7
836, 17,MED,ACUTE LEUKEMIA W/O MAJOR O.R. PROCEDURE W/O CC/MCC,1.2096,2.9,4.3
837, 17,MED,CHEMO W ACUTE LEUKEMIA AS SDX OR W HIGH DOSE CHEMO AGENT W MCC,6.0067,15.2,21.1
838, 17,MED,CHEMO W ACUTE LEUKEMIA AS SDX W CC OR HIGH DOSE CHEMO AGENT,2.6237,6.5,9.2
839, 17,MED,CHEMO W ACUTE LEUKEMIA AS SDX W/O CC/MCC,1.3501,4.8,5.3
840, 17,MED,LYMPHOMA & NON-ACUTE LEUKEMIA W MCC,3.1216,7.5,10.4
841, 17,MED,LYMPHOMA & NON-ACUTE LEUKEMIA W CC,1.6931,4.7,6.1
842, 17,MED,LYMPHOMA & NON-ACUTE LEUKEMIA W/O CC/MCC,1.1365,3.0,3.9
843, 17,MED,OTHER MYELOPROLIF DIS OR POORLY DIFF NEOPL DIAG W MCC,1.8032,5.5,7.5
844, 17,MED,OTHER MYELOPROLIF DIS OR POORLY DIFF NEOPL DIAG W CC,1.1817,4.0,5.2
845, 17,MED,OTHER MYELOPROLIF DIS OR POORLY DIFF NEOPL DIAG W/O CC/MCC,0.8519,2.9,3.7
846, 17,MED,CHEMOTHERAPY W/O ACUTE LEUKEMIA AS SECONDARY DIAGNOSIS W MCC,2.4663,6.0,8.1
847, 17,MED,CHEMOTHERAPY W/O ACUTE LEUKEMIA AS SECONDARY DIAGNOSIS W CC,1.2507,3.5,4.0
848, 17,MED,CHEMOTHERAPY W/O ACUTE LEUKEMIA AS SECONDARY DIAGNOSIS W/O CC/MCC,0.9131,2.9,3.3
849, 17,MED,RADIOTHERAPY,1.7519,5.0,6.5
853, 18,SURG,INFECTIOUS & PARASITIC DISEASES W O.R. PROCEDURE W MCC,5.1097,10.5,13.5
854, 18,SURG,INFECTIOUS & PARASITIC DISEASES W O.R. PROCEDURE W CC,2.3655,6.4,7.8
855, 18,SURG,INFECTIOUS & PARASITIC DISEASES W O.R. PROCEDURE W/O CC/MCC,1.5640,3.6,4.5
856, 18,SURG,POSTOPERATIVE OR POST-TRAUMATIC INFECTIONS W O.R. PROC W MCC,4.6425,9.6,12.8
857, 18,SURG,POSTOPERATIVE OR POST-TRAUMATIC INFECTIONS W O.R. PROC W CC,2.0786,5.6,6.9
858, 18,SURG,POSTOPERATIVE OR POST-TRAUMATIC INFECTIONS W O.R. PROC W/O CC/MCC,1.4545,4.0,4.9
862, 18,MED,POSTOPERATIVE & POST-TRAUMATIC INFECTIONS W MCC,1.8151,5.3,6.9
863, 18,MED,POSTOPERATIVE & POST-TRAUMATIC INFECTIONS W/O MCC,0.9903,3.7,4.5
864, 18,MED,FEVER,0.8385,2.8,3.5
865, 18,MED,VIRAL ILLNESS W MCC,1.3267,4.0,5.3
866, 18,MED,VIRAL ILLNESS W/O MCC,0.7676,2.7,3.4
867, 18,MED,OTHER INFECTIOUS & PARASITIC DISEASES DIAGNOSES W MCC,2.6467,6.7,9.1
868, 18,MED,OTHER INFECTIOUS & PARASITIC DISEASES DIAGNOSES W CC,1.0595,3.7,4.6
869, 18,MED,OTHER INFECTIOUS & PARASITIC DISEASES DIAGNOSES W/O CC/MCC,0.6640,2.6,3.1
870, 18,MED,SEPTICEMIA OR SEVERE SEPSIS W MV >96 HOURS,5.8960,12.6,14.6
871, 18,MED,SEPTICEMIA OR SEVERE SEPSIS W/O MV >96 HOURS W MCC,1.7660,4.9,6.4
872, 18,MED,SEPTICEMIA OR SEVERE SEPSIS W/O MV >96 HOURS W/O MCC,1.0283,3.8,4.5
876, 19,SURG,O.R. PROCEDURE W PRINCIPAL DIAGNOSES OF MENTAL ILLNESS,3.4193,7.9,13.9
880, 19,MED,ACUTE ADJUSTMENT REACTION & PSYCHOSOCIAL DYSFUNCTION,0.7404,2.5,3.3
881, 19,MED,DEPRESSIVE NEUROSES,0.6677,3.5,4.6
882, 19,MED,NEUROSES EXCEPT DEPRESSIVE,0.7307,3.4,4.7
883, 19,MED,DISORDERS OF PERSONALITY & IMPULSE CONTROL,1.2851,4.5,7.8
884, 19,MED,ORGANIC DISTURBANCES & INTELLECTUAL DISABILITY,1.1753,4.3,6.3
885, 19,MED,PSYCHOSES,1.0938,5.6,7.9
886, 19,MED,BEHAVIORAL & DEVELOPMENTAL DISORDERS,0.8339,4.2,6.1
887, 19,MED,OTHER MENTAL DISORDER DIAGNOSES,1.0077,2.9,4.6
894, 20,MED,"ALCOHOL/DRUG ABUSE OR DEPENDENCE, LEFT AMA",0.4852,2.1,2.9
895, 20,MED,ALCOHOL/DRUG ABUSE OR DEPENDENCE W REHABILITATION THERAPY,1.2914,9.4,12.1
896, 20,MED,ALCOHOL/DRUG ABUSE OR DEPENDENCE W/O REHABILITATION THERAPY W MCC,1.6098,4.9,6.8
897, 20,MED,ALCOHOL/DRUG ABUSE OR DEPENDENCE W/O REHABILITATION THERAPY W/O MCC,0.7481,3.4,4.2
901, 21,SURG,WOUND DEBRIDEMENTS FOR INJURIES W MCC,4.3264,9.2,13.4
902, 21,SURG,WOUND DEBRIDEMENTS FOR INJURIES W CC,1.8916,5.2,7.1
903, 21,SURG,WOUND DEBRIDEMENTS FOR INJURIES W/O CC/MCC,1.1114,3.2,4.0
904, 21,SURG,SKIN GRAFTS FOR INJURIES W CC/MCC,3.2625,7.4,10.4
905, 21,SURG,SKIN GRAFTS FOR INJURIES W/O CC/MCC,1.3798,3.4,4.3
906, 21,SURG,HAND PROCEDURES FOR INJURIES,1.5037,3.0,4.4
907, 21,SURG,OTHER O.R. PROCEDURES FOR INJURIES W MCC,3.8681,7.4,10.2
908, 21,SURG,OTHER O.R. PROCEDURES FOR INJURIES W CC,2.0584,4.4,5.7
909, 21,SURG,OTHER O.R. PROCEDURES FOR INJURIES W/O CC/MCC,1.3110,2.6,3.3
913, 21,MED,TRAUMATIC INJURY W MCC,1.2511,3.6,4.8
914, 21,MED,TRAUMATIC INJURY W/O MCC,0.7634,2.5,3.1
915, 21,MED,ALLERGIC REACTIONS W MCC,1.6001,3.8,5.1
916, 21,MED,ALLERGIC REACTIONS W/O MCC,0.5955,1.8,2.2
917, 21,MED,POISONING & TOXIC EFFECTS OF DRUGS W MCC,1.4307,3.5,4.9
918, 21,MED,POISONING & TOXIC EFFECTS OF DRUGS W/O MCC,0.7115,2.3,3.0
919, 21,MED,COMPLICATIONS OF TREATMENT W MCC,1.7730,4.5,6.2
920, 21,MED,COMPLICATIONS OF TREATMENT W CC,1.0074,3.1,4.0
921, 21,MED,COMPLICATIONS OF TREATMENT W/O CC/MCC,0.6950,2.2,2.8
922, 21,MED,"OTHER INJURY, POISONING & TOXIC EFFECT DIAG W MCC",1.4439,3.8,5.5
923, 21,MED,"OTHER INJURY, POISONING & TOXIC EFFECT DIAG W/O MCC",0.8218,2.5,3.6
927, 22,SURG,EXTENSIVE BURNS OR FULL THICKNESS BURNS W MV >96 HRS W SKIN GRAFT,14.4493,22.3,30.0
928, 22,SURG,FULL THICKNESS BURN W SKIN GRAFT OR INHAL INJ W CC/MCC,5.1947,10.4,14.3
929, 22,SURG,FULL THICKNESS BURN W SKIN GRAFT OR INHAL INJ W/O CC/MCC,2.5587,5.5,7.6
933, 22,MED,EXTENSIVE BURNS OR FULL THICKNESS BURNS W MV >96 HRS W/O SKIN GRAFT,3.1252,2.4,6.6
934, 22,MED,FULL THICKNESS BURN W/O SKIN GRFT OR INHAL INJ,1.6575,4.1,6.5
935, 22,MED,NON-EXTENSIVE BURNS,1.6635,3.5,5.4
939, 23,SURG,O.R. PROC W DIAGNOSES OF OTHER CONTACT W HEALTH SERVICES W MCC,3.3068,6.7,9.9
940, 23,SURG,O.R. PROC W DIAGNOSES OF OTHER CONTACT W HEALTH SERVICES W CC,1.9740,3.8,5.4
941, 23,SURG,O.R. PROC W DIAGNOSES OF OTHER CONTACT W HEALTH SERVICES W/O CC/MCC,1.4341,2.3,2.9
945, 23,MED,REHABILITATION W CC/MCC,1.2234,8.7,10.3
946, 23,MED,REHABILITATION W/O CC/MCC,1.0534,7.1,8.0
947, 23,MED,SIGNS & SYMPTOMS W MCC,1.1364,3.6,4.7
948, 23,MED,SIGNS & SYMPTOMS W/O MCC,0.7463,2.7,3.4
949, 23,MED,AFTERCARE W CC/MCC,0.9442,3.0,4.3
950, 23,MED,AFTERCARE W/O CC/MCC,0.5660,2.3,2.7
951, 23,MED,OTHER FACTORS INFLUENCING HEALTH STATUS,0.9244,2.6,6.0
955, 24,SURG,CRANIOTOMY FOR MULTIPLE SIGNIFICANT TRAUMA,5.4840,7.5,10.8
956, 24,SURG,"LIMB REATTACHMENT, HIP & FEMUR PROC FOR MULTIPLE SIGNIFICANT TRAUMA",3.8187,6.5,7.9
957, 24,SURG,OTHER O.R. PROCEDURES FOR MULTIPLE SIGNIFICANT TRAUMA W MCC,6.8917,9.7,13.5
958, 24,SURG,OTHER O.R. PROCEDURES FOR MULTIPLE SIGNIFICANT TRAUMA W CC,3.8591,7.1,8.5
959, 24,SURG,OTHER O.R. PROCEDURES FOR MULTIPLE SIGNIFICANT TRAUMA W/O CC/MCC,2.5275,4.2,5.0
963, 24,MED,OTHER MULTIPLE SIGNIFICANT TRAUMA W MCC,2.5822,5.3,7.8
964, 24,MED,OTHER MULTIPLE SIGNIFICANT TRAUMA W CC,1.4177,4.1,5.1
965, 24,MED,OTHER MULTIPLE SIGNIFICANT TRAUMA W/O CC/MCC,0.9686,2.9,3.6
969, 25,SURG,HIV W EXTENSIVE O.R. PROCEDURE W MCC,5.8763,11.5,16.1
970, 25,SURG,HIV W EXTENSIVE O.R. PROCEDURE W/O MCC,2.4171,5.8,7.7
974, 25,MED,HIV W MAJOR RELATED CONDITION W MCC,2.6672,6.6,9.3
975, 25,MED,HIV W MAJOR RELATED CONDITION W CC,1.2730,4.3,5.8
976, 25,MED,HIV W MAJOR RELATED CONDITION W/O CC/MCC,0.8784,3.2,4.0
977, 25,MED,HIV W OR W/O OTHER RELATED CONDITION,1.2405,3.6,5.0
981,  ,SURG,EXTENSIVE O.R. PROCEDURE UNRELATED TO PRINCIPAL DIAGNOSIS W MCC,4.9451,9.6,12.6
982,  ,SURG,EXTENSIVE O.R. PROCEDURE UNRELATED TO PRINCIPAL DIAGNOSIS W CC,2.7320,5.4,7.0
983,  ,SURG,EXTENSIVE O.R. PROCEDURE UNRELATED TO PRINCIPAL DIAGNOSIS W/O CC/MCC,1.7815,2.7,3.6
984,  ,SURG,PROSTATIC O.R. PROCEDURE UNRELATED TO PRINCIPAL DIAGNOSIS W MCC,3.4109,8.7,11.9
985,  ,SURG,PROSTATIC O.R. PROCEDURE UNRELATED TO PRINCIPAL DIAGNOSIS W CC,1.8073,4.5,6.3
986,  ,SURG,PROSTATIC O.R. PROCEDURE UNRELATED TO PRINCIPAL DIAGNOSIS W/O CC/MCC,1.1128,2.3,3.1
987,  ,SURG,NON-EXTENSIVE O.R. PROC UNRELATED TO PRINCIPAL DIAGNOSIS W MCC,3.3271,8.3,11.1
988,  ,SURG,NON-EXTENSIVE O.R. PROC UNRELATED TO PRINCIPAL DIAGNOSIS W CC,1.7171,4.5,6.1
989,  ,SURG,NON-EXTENSIVE O.R. PROC UNRELATED TO PRINCIPAL DIAGNOSIS W/O CC/MCC,1.0564,2.2,3.0
998,  ,**,PRINCIPAL DIAGNOSIS INVALID AS DISCHARGE DIAGNOSIS,,,
999,  ,**,UNGROUPABLE,,,
,,,,,,
"**MS-DRGs 998 and 999 contain cases that could not be assigned to valid DRGs.     
",,,,,,
